commune_id_2cap,time,commune_name_2cap,provinceName_2cap,nguycosatlo,nguycoluquet
2456,2026-10-03 17:00:00,Bảo Lâm 4,Lâm Đồng,Trung bình,Trung bình
2455,2026-10-03 17:00:00,Bảo Lâm 5,Lâm Đồng,Cao,Cao
2389,2026-10-03 17:00:00,Bắc Gia Nghĩa,Lâm Đồng,Trung bình,Trung bình
2374,2026-10-03 17:00:00,Bắc Ruộng,Lâm Đồng,Cao,Cao
2419,2026-10-03 17:00:00,Cam Ly - Đà Lạt,Lâm Đồng,Trung bình,Trung bình
2465,2026-10-03 17:00:00,Cát Tiên,Lâm Đồng,Trung bình,Trung bình
2467,2026-10-03 17:00:00,Cát Tiên 2,Lâm Đồng,Cao,Cao
2466,2026-10-03 17:00:00,Cát Tiên 3,Lâm Đồng,Trung bình,Trung bình
2411,2026-10-03 17:00:00,Kiến Đức,Lâm Đồng,Cao,Cao
2403,2026-10-03 17:00:00,Krông Nô,Lâm Đồng,Trung bình,Trung bình
2425,2026-10-03 17:00:00,Lang Biang - Đà Lạt,Lâm Đồng,Trung bình,Trung bình
2390,2026-10-03 17:00:00,Nam Gia Nghĩa,Lâm Đồng,Cao,Cao
2415,2026-10-03 17:00:00,Nhân Cơ,Lâm Đồng,Trung bình,Trung bình
2405,2026-10-03 17:00:00,Nâm Nung,Lâm Đồng,Trung bình,Trung bình
2393,2026-10-03 17:00:00,Quảng Hòa,Lâm Đồng,Trung bình,Trung bình
2394,2026-10-03 17:00:00,Quảng Khê,Lâm Đồng,Trung bình,Trung bình
2391,2026-10-03 17:00:00,Quảng Sơn,Lâm Đồng,Trung bình,Trung bình
2414,2026-10-03 17:00:00,Quảng Tân,Lâm Đồng,Cao,Cao
2416,2026-10-03 17:00:00,Quảng Tín,Lâm Đồng,Cao,Cao
2409,2026-10-03 17:00:00,Thuận Hạnh,Lâm Đồng,Trung bình,Trung bình
2413,2026-10-03 17:00:00,Tuy Đức,Lâm Đồng,Trung bình,Trung bình
2395,2026-10-03 17:00:00,Tà Đùng,Lâm Đồng,Trung bình,Trung bình
2436,2026-10-03 17:00:00,Tân Hà Lâm Hà,Lâm Đồng,Trung bình,Trung bình
2448,2026-10-03 17:00:00,Đinh Trang Thượng,Lâm Đồng,Trung bình,Trung bình
2364,2026-10-03 17:00:00,Đông Giang,Lâm Đồng,Trung bình,Trung bình
2460,2026-10-03 17:00:00,Đạ Huoai 2,Lâm Đồng,Trung bình,Trung bình
2462,2026-10-03 17:00:00,Đạ Tẻh,Lâm Đồng,Cao,Cao
2464,2026-10-03 17:00:00,Đạ Tẻh 2,Lâm Đồng,Cao,Cao
2463,2026-10-03 17:00:00,Đạ Tẻh 3,Lâm Đồng,Cao,Cao
2397,2026-10-03 17:00:00,Đắk Wil,Lâm Đồng,Trung bình,Trung bình
2378,2026-10-03 17:00:00,Đức Linh,Lâm Đồng,Trung bình,Trung bình
1384,2026-10-03 17:00:00,Phú Lệ,Thanh Hóa,Trung bình,Trung bình
244,2026-10-03 17:00:00,Tân Quang,Tuyên Quang,Rất cao,Rất cao
2343,2026-10-03 17:00:00,Nam Ka,Đắk Lắk,Trung bình,Trung bình
2340,2026-10-03 17:00:00,Đắk Liêng,Đắk Lắk,Trung bình,Trung bình
2499,2026-10-03 17:00:00,Bù Đăng,Đồng Nai,Trung bình,Trung bình
2501,2026-10-03 17:00:00,Thọ Sơn,Đồng Nai,Trung bình,Trung bình
2520,2026-10-03 17:00:00,Đak Lua,Đồng Nai,Cao,Cao
